C:\Liste des groupe Vide;OU
GTO accès distant;GROUPEMENTOUEST
TSserveurs;DIR / Terminal server
CSPMON.Matériel Roulant;GROUPEMENTEST / CSPMONTBELIARD / logistique / Bureau Matériel Roulant
Accès GAF deconcentre;DIR / GPTADMINISTRATIONFINANCES / GAFSCEACHATSMARCHESPUBLICS
.GROUPEMENTSUD.SPV;GROUPEMENTSUD / CSPPONTARLIER / SPV
.GROUPEMENTEST.SPV;GROUPEMENTEST / CSPMONTBELIARD / SPV
GTO.CSPCENTRE.MOO;GROUPEMENTOUEST / CSPBESANCONCENTRE
GTO.SAV;GROUPEMENTOUEST / Equipes Spécialisées
GTO.Chef bureau LOG-Bâtiment;GROUPEMENTOUEST / Service Logistique
GTO.Pharmaciens du GPT;GROUPEMENTOUEST / SSSM
.CSARCETSENANS.SPV;GROUPEMENTOUEST / CSARCETSENANS / SPV
GTO.chef de service Opération Prévision;GROUPEMENTOUEST / Groupement
.DDSIS.GdS;DIR / GPTEMPLOIETCOMPETENCES
.CSPCEN.Diffusion ETL;GROUPEMENTOUEST / CSPBESANCONCENTRE
.CSPMON.Diffusion ETL;GROUPEMENTEST / CSPMONTBELIARD
.GTS.FOR Secteur Morteau;GROUPEMENTSUD
Accès planning SSSM;DIR
DDSIS.estassuranceimmobilier;DIR / GPTADMINISTRATIONFINANCES / GAFSCEADMGENERALE
DDSIS.ouestassuranceimmobilier;DIR / GPTADMINISTRATIONFINANCES / GAFSCEADMGENERALE
DDSIS.sudassuranceimmobilier;DIR / GPTADMINISTRATIONFINANCES / GAFSCEADMGENERALE
hotlineLOGEst;DIR / GPTLOGISTIQUEETTECHNIQUE
hotlineLOGSud;DIR / GPTLOGISTIQUEETTECHNIQUE
GTO.Gestionnaire bâtiment;GROUPEMENTOUEST / Service Logistique
.CSPMON.SPVGroupe2;GROUPEMENTEST / CSPMONTBELIARD
.CSPMON.SPVGroupe3;GROUPEMENTEST / CSPMONTBELIARD
SPProf;GROUPEMENTSUD / CSPPONTARLIER
